expid,mse_mean,sharpe_mean,sharpe_median,vol_ratio_mean
H3_d1_only,0.0007371715020768925,0.383095413392729,0.33253538603461535,1.2493324168910185
H3_none,0.0007791212391460409,0.3702578832177211,0.3168170308439693,1.2555461535691033
H4_k25,0.000737171502076879,0.4197622628574102,0.30918163070593896,1.0898245713878567
H4_k40,0.000737171502076879,0.39884563384430743,0.31729330413108253,1.1908414729044767
H4_k45,0.000737171502076879,0.3900147839967888,0.32390716702276473,1.2216046524930007
H6_missing_mask,0.0007161938332660331,0.38651375788004094,0.3325353860346047,1.1976733940635662
H7_k35_volaware,0.000737171502076879,0.40809568125298856,0.31387792007320076,1.1058468947868043
R_lasso,0.0001232836383320569,0.5588986728439392,0.4780822898236894,0.9997442480577725
R_ridge,0.0005308889150903151,0.4007639519324743,0.3210652171102301,1.24625487890669
